1.jpg,4,7,8,Услуги
10.jpg,4,3,8,Еда
100.jpg,5,6,3,Магазины
11.jpg,8,4,8,Услуги
12.jpg,5,2,9,Услуги
13.jpg,7,2,8,Магазины
14.jpg,6,2,5,Услуги
15.jpg,6,1,9,Услуги
16.jpg,4,8,3,Красота
17.jpg,5,1,8,Еда
18.jpg,5,2,7,Еда
19.jpg,1,7,5,Услуги
2.jpg,9,3,8,Еда
20.jpg,9,1,9,Магазины
21.jpg,8,2,8,Магазины
22.jpg,2,2,6,Красота
23.jpg,4,2,8,Услуги
24.jpg,9,3,9,Магазины
25.jpg,4,2,8,Магазины
26.jpg,8,2,9,Еда
27.jpg,4,2,7,Красота
28.jpg,8,1,8,Еда
29.jpg,5,2,5,Еда
3.jpg,7,5,5,Еда
30.jpg,7,2,5,Еда
31.jpg,8,6,9,Услуги
32.jpg,2,8,3,Услуги
33.jpg,4,5,5,Магазины
34.jpg,4,2,5,Магазины
35.jpg,6,3,9,Магазины
36.jpg,1,8,3,Магазины
37.jpg,1,10,1,Красота
38.jpg,8,7,9,Магазины
39.jpg,1,2,5,Красота
4.jpg,2,10,2,Услуги
40.jpg,4,2,9,Еда
41.jpg,3,2,9,Еда
42.jpg,9,1,10,Еда
43.jpg,2,4,3,Услуги
44.jpg,1,2,9,Услуги
45.jpg,2,10,4,Аптеки
46.jpg,2,10,4,Аптеки
47.jpg,9,4,9,Услуги
48.jpg,7,1,8,Еда
49.jpg,7,7,7,Еда
5.jpg,5,9,8,Аптеки
50.jpg,3,7,9,Магазины
51.jpg,,,,
52.jpg,,,,
53.jpg,,,,
54.jpg,,,,
55.jpg,,,,
56.jpg,,,,
57.jpg,,,,
58.jpg,,,,
59.jpg,,,,
6.jpg,,,,
60.jpg,,,,
61.jpg,,,,
62.jpg,,,,
63.jpg,,,,
64.jpg,,,,
65.jpg,,,,
66.jpg,,,,
67.jpg,,,,
68.jpg,,,,
69.jpg,,,,
7.jpg,,,,
70.jpg,,,,
71.jpg,,,,
72.jpg,,,,
73.jpg,,,,
74.jpg,,,,
75.jpg,,,,
76.jpg,,,,
77.jpg,,,,
78.jpg,,,,
79.jpg,,,,
8.jpg,,,,
80.jpg,,,,
81.jpg,,,,
82.jpg,,,,
83.jpg,,,,
84.jpg,,,,
85-1.jpg,,,,
85.jpg,,,,
86.jpg,,,,
87.jpg,,,,
88.jpg,,,,
89.jpg,,,,
9.jpg,,,,
90.jpg,,,,
91.jpg,,,,
92.jpg,,,,
93.jpg,,,,
94.jpg,,,,
95.jpg,,,,
96.jpg,,,,
97.jpg,,,,
98.jpg,,,,
99.jpg,,,,
1.jpg,1,4,2,Услуги
10.jpg,2,4,9,Еда
100.jpg,,,,
11.jpg,,,,
12.jpg,,,,
13.jpg,,,,
14.jpg,,,,
15.jpg,,,,
16.jpg,,,,
17.jpg,,,,
18.jpg,,,,
19.jpg,,,,
2.jpg,,,,
20.jpg,,,,
21.jpg,,,,
22.jpg,,,,
23.jpg,,,,
24.jpg,,,,
25.jpg,,,,
26.jpg,,,,
27.jpg,,,,
28.jpg,,,,
29.jpg,,,,
3.jpg,,,,
30.jpg,,,,
31.jpg,,,,
32.jpg,,,,
33.jpg,,,,
34.jpg,,,,
35.jpg,,,,
36.jpg,,,,
37.jpg,,,,
38.jpg,,,,
39.jpg,,,,
4.jpg,,,,
40.jpg,,,,
41.jpg,,,,
42.jpg,,,,
43.jpg,,,,
44.jpg,,,,
45.jpg,,,,
46.jpg,,,,
47.jpg,,,,
48.jpg,,,,
49.jpg,,,,
5.jpg,,,,
50.jpg,,,,
51.jpg,,,,
52.jpg,,,,
53.jpg,,,,
54.jpg,,,,
55.jpg,,,,
56.jpg,,,,
57.jpg,,,,
58.jpg,,,,
59.jpg,,,,
6.jpg,,,,
60.jpg,,,,
61.jpg,,,,
62.jpg,,,,
63.jpg,,,,
64.jpg,,,,
65.jpg,,,,
66.jpg,,,,
67.jpg,,,,
68.jpg,,,,
69.jpg,,,,
7.jpg,,,,
70.jpg,,,,
71.jpg,,,,
72.jpg,,,,
73.jpg,,,,
74.jpg,,,,
75.jpg,,,,
76.jpg,,,,
77.jpg,,,,
78.jpg,,,,
79.jpg,,,,
8.jpg,,,,
80.jpg,,,,
81.jpg,,,,
82.jpg,,,,
83.jpg,,,,
84.jpg,,,,
85-1.jpg,,,,
85.jpg,,,,
86.jpg,,,,
87.jpg,,,,
88.jpg,,,,
89.jpg,,,,
9.jpg,,,,
90.jpg,,,,
91.jpg,,,,
92.jpg,,,,
93.jpg,,,,
94.jpg,,,,
95.jpg,,,,
96.jpg,,,,
97.jpg,,,,
98.jpg,,,,
99.jpg,,,,
1.jpg,3,9,2,Услуги
10.jpg,2,7,2,Еда
100.jpg,5,10,8,Красота
11.jpg,8,10,7,Услуги
12.jpg,9,1,10,Услуги
13.jpg,3,1,6,Услуги
14.jpg,6,1,7,Услуги
15.jpg,6,1,7,Услуги
16.jpg,2,2,7,Услуги
17.jpg,9,3,10,Еда
18.jpg,4,2,7,Еда
19.jpg,2,8,5,Услуги
2.jpg,3,1,2,Еда
20.jpg,4,8,8,Услуги
21.jpg,5,6,4,Магазины
22.jpg,3,8,2,Красота
23.jpg,7,4,4,Услуги
24.jpg,9,1,9,Магазины
25.jpg,7,3,7,Магазины
26.jpg,10,2,10,Еда
27.jpg,2,4,5,Красота
28.jpg,,,,
29.jpg,,,,
3.jpg,,,,
30.jpg,,,,
31.jpg,,,,
32.jpg,,,,
33.jpg,,,,
34.jpg,,,,
35.jpg,,,,
36.jpg,,,,
37.jpg,,,,
38.jpg,,,,
39.jpg,,,,
4.jpg,,,,
40.jpg,,,,
41.jpg,,,,
42.jpg,,,,
43.jpg,,,,
44.jpg,,,,
45.jpg,,,,
46.jpg,,,,
47.jpg,,,,
48.jpg,,,,
49.jpg,,,,
5.jpg,,,,
50.jpg,,,,
51.jpg,,,,
52.jpg,,,,
53.jpg,,,,
54.jpg,,,,
55.jpg,,,,
56.jpg,,,,
57.jpg,,,,
58.jpg,,,,
59.jpg,,,,
6.jpg,,,,
60.jpg,,,,
61.jpg,,,,
62.jpg,,,,
63.jpg,,,,
64.jpg,,,,
65.jpg,,,,
66.jpg,,,,
67.jpg,,,,
68.jpg,,,,
69.jpg,,,,
7.jpg,,,,
70.jpg,,,,
71.jpg,,,,
72.jpg,,,,
73.jpg,,,,
74.jpg,,,,
75.jpg,,,,
76.jpg,,,,
77.jpg,,,,
78.jpg,,,,
79.jpg,,,,
8.jpg,,,,
80.jpg,,,,
81.jpg,,,,
82.jpg,,,,
83.jpg,,,,
84.jpg,,,,
85-1.jpg,,,,
85.jpg,,,,
86.jpg,,,,
87.jpg,,,,
88.jpg,,,,
89.jpg,,,,
9.jpg,,,,
90.jpg,,,,
91.jpg,,,,
92.jpg,,,,
93.jpg,,,,
94.jpg,,,,
95.jpg,,,,
96.jpg,,,,
97.jpg,,,,
98.jpg,,,,
99.jpg,,,,
1.jpg,4,6,3,Услуги
10.jpg,4,1,7,Еда
100.jpg,5,8,8,Красота
11.jpg,2,1,1,Магазины
12.jpg,9,1,10,Услуги
13.jpg,8,1,7,Магазины
14.jpg,3,4,3,Магазины
15.jpg,6,1,8,Услуги
16.jpg,2,7,3,Услуги
17.jpg,10,1,10,Еда
18.jpg,10,1,10,Еда
19.jpg,4,8,5,Услуги
2.jpg,8,2,8,Еда
20.jpg,7,2,6,Красота
21.jpg,6,1,9,Еда
22.jpg,8,2,8,Красота
23.jpg,7,3,8,Еда
24.jpg,7,3,6,Магазины
25.jpg,8,6,5,Магазины
26.jpg,10,1,10,Еда
27.jpg,8,2,7,Красота
28.jpg,6,7,4,Магазины
29.jpg,6,3,8,Еда
3.jpg,7,2,8,Еда
30.jpg,6,1,7,Еда
31.jpg,4,2,5,Красота
32.jpg,3,5,3,Услуги
33.jpg,4,8,4,Еда
34.jpg,6,3,5,Еда
35.jpg,9,2,8,Магазины
36.jpg,3,4,1,Услуги
37.jpg,5,8,3,Красота
38.jpg,3,1,7,Услуги
39.jpg,4,3,7,Красота
4.jpg,5,8,3,Магазины
40.jpg,8,2,8,Услуги
41.jpg,7,2,5,Еда
42.jpg,4,2,3,Услуги
43.jpg,3,4,3,Услуги
44.jpg,1,3,3,Услуги
45.jpg,4,8,4,Аптеки
46.jpg,4,8,4,Аптеки
47.jpg,4,3,3,Услуги
48.jpg,8,1,10,Еда
49.jpg,3,7,3,Услуги
5.jpg,4,6,4,Аптеки
50.jpg,4,4,8,Еда
51.jpg,5,8,8,Услуги
52.jpg,,,,
53.jpg,,,,
54.jpg,,,,
55.jpg,,,,
56.jpg,,,,
57.jpg,,,,
58.jpg,,,,
59.jpg,,,,
6.jpg,,,,
60.jpg,,,,
61.jpg,,,,
62.jpg,,,,
63.jpg,,,,
64.jpg,,,,
65.jpg,,,,
66.jpg,,,,
67.jpg,,,,
68.jpg,,,,
69.jpg,,,,
7.jpg,,,,
70.jpg,,,,
71.jpg,,,,
72.jpg,,,,
73.jpg,,,,
74.jpg,,,,
75.jpg,,,,
76.jpg,,,,
77.jpg,,,,
78.jpg,,,,
79.jpg,,,,
8.jpg,,,,
80.jpg,,,,
81.jpg,,,,
82.jpg,,,,
83.jpg,,,,
84.jpg,,,,
85-1.jpg,,,,
85.jpg,,,,
86.jpg,,,,
87.jpg,,,,
88.jpg,,,,
89.jpg,,,,
9.jpg,,,,
90.jpg,,,,
91.jpg,,,,
92.jpg,,,,
93.jpg,,,,
94.jpg,,,,
95.jpg,,,,
96.jpg,,,,
97.jpg,,,,
98.jpg,,,,
99.jpg,,,,
1.jpg,1,10,1,Услуги
10.jpg,10,10,10,Услуги
100.jpg,10,10,10,Красота
11.jpg,,,,
12.jpg,,,,
13.jpg,,,,
14.jpg,,,,
15.jpg,,,,
16.jpg,,,,
17.jpg,,,,
18.jpg,,,,
19.jpg,,,,
2.jpg,,,,
20.jpg,,,,
21.jpg,,,,
22.jpg,,,,
23.jpg,,,,
24.jpg,,,,
25.jpg,,,,
26.jpg,,,,
27.jpg,,,,
28.jpg,,,,
29.jpg,,,,
3.jpg,,,,
30.jpg,,,,
31.jpg,,,,
32.jpg,,,,
33.jpg,,,,
34.jpg,,,,
35.jpg,,,,
36.jpg,,,,
37.jpg,,,,
38.jpg,,,,
39.jpg,,,,
4.jpg,,,,
40.jpg,,,,
41.jpg,,,,
42.jpg,,,,
43.jpg,,,,
44.jpg,,,,
45.jpg,,,,
46.jpg,,,,
47.jpg,,,,
48.jpg,,,,
49.jpg,,,,
5.jpg,,,,
50.jpg,,,,
51.jpg,,,,
52.jpg,,,,
53.jpg,,,,
54.jpg,,,,
55.jpg,,,,
56.jpg,,,,
57.jpg,,,,
58.jpg,,,,
59.jpg,,,,
6.jpg,,,,
60.jpg,,,,
61.jpg,,,,
62.jpg,,,,
63.jpg,,,,
64.jpg,,,,
65.jpg,,,,
66.jpg,,,,
67.jpg,,,,
68.jpg,,,,
69.jpg,,,,
7.jpg,,,,
70.jpg,,,,
71.jpg,,,,
72.jpg,,,,
73.jpg,,,,
74.jpg,,,,
75.jpg,,,,
76.jpg,,,,
77.jpg,,,,
78.jpg,,,,
79.jpg,,,,
8.jpg,,,,
80.jpg,,,,
81.jpg,,,,
82.jpg,,,,
83.jpg,,,,
84.jpg,,,,
85-1.jpg,,,,
85.jpg,,,,
86.jpg,,,,
87.jpg,,,,
88.jpg,,,,
89.jpg,,,,
9.jpg,,,,
90.jpg,,,,
91.jpg,,,,
92.jpg,,,,
93.jpg,,,,
94.jpg,,,,
95.jpg,,,,
96.jpg,,,,
97.jpg,,,,
98.jpg,,,,
99.jpg,,,,
1.jpg,3,7,2,Услуги
10.jpg,2,2,6,Еда
100.jpg,9,1,9,Магазины
11.jpg,3,9,9,Еда
12.jpg,3,1,8,Услуги
13.jpg,4,2,8,Услуги
14.jpg,2,1,4,Услуги
15.jpg,7,1,8,Магазины
16.jpg,1,2,4,Услуги
17.jpg,9,1,9,Еда
18.jpg,10,1,10,Еда
19.jpg,5,10,8,Услуги
2.jpg,4,9,8,Еда
20.jpg,7,2,8,Магазины
21.jpg,7,1,10,Еда
22.jpg,8,1,9,Красота
23.jpg,7,1,10,Еда
24.jpg,10,8,10,Еда
25.jpg,9,1,3,Магазины
26.jpg,8,1,9,Еда
27.jpg,7,1,8,Красота
28.jpg,4,3,8,Еда
29.jpg,8,1,9,Еда
3.jpg,,,,
30.jpg,,,,
31.jpg,,,,
32.jpg,,,,
33.jpg,,,,
34.jpg,,,,
35.jpg,,,,
36.jpg,,,,
37.jpg,,,,
38.jpg,,,,
39.jpg,,,,
4.jpg,,,,
40.jpg,,,,
41.jpg,,,,
42.jpg,,,,
43.jpg,,,,
44.jpg,,,,
45.jpg,,,,
46.jpg,,,,
47.jpg,,,,
48.jpg,,,,
49.jpg,,,,
5.jpg,,,,
50.jpg,,,,
51.jpg,,,,
52.jpg,,,,
53.jpg,,,,
54.jpg,,,,
55.jpg,,,,
56.jpg,,,,
57.jpg,,,,
58.jpg,,,,
59.jpg,,,,
6.jpg,,,,
60.jpg,,,,
61.jpg,,,,
62.jpg,,,,
63.jpg,,,,
64.jpg,,,,
65.jpg,,,,
66.jpg,,,,
67.jpg,,,,
68.jpg,,,,
69.jpg,,,,
7.jpg,,,,
70.jpg,,,,
71.jpg,,,,
72.jpg,,,,
73.jpg,,,,
74.jpg,,,,
75.jpg,,,,
76.jpg,,,,
77.jpg,,,,
78.jpg,,,,
79.jpg,,,,
8.jpg,,,,
80.jpg,,,,
81.jpg,,,,
82.jpg,,,,
83.jpg,,,,
84.jpg,,,,
85-1.jpg,,,,
85.jpg,,,,
86.jpg,,,,
87.jpg,,,,
88.jpg,,,,
89.jpg,,,,
9.jpg,,,,
90.jpg,,,,
91.jpg,,,,
92.jpg,,,,
93.jpg,,,,
94.jpg,,,,
95.jpg,,,,
96.jpg,,,,
97.jpg,,,,
98.jpg,,,,
99.jpg,,,,
1.jpg,,,,
10.jpg,,,,
100.jpg,,,,
11.jpg,,,,
12.jpg,,,,
13.jpg,,,,
14.jpg,,,,
15.jpg,,,,
16.jpg,,,,
17.jpg,,,,
18.jpg,,,,
19.jpg,,,,
2.jpg,,,,
20.jpg,,,,
21.jpg,,,,
22.jpg,,,,
23.jpg,,,,
24.jpg,,,,
25.jpg,,,,
26.jpg,,,,
27.jpg,,,,
28.jpg,,,,
29.jpg,,,,
3.jpg,,,,
30.jpg,,,,
31.jpg,,,,
32.jpg,,,,
33.jpg,,,,
34.jpg,,,,
35.jpg,,,,
36.jpg,,,,
37.jpg,,,,
38.jpg,,,,
39.jpg,,,,
4.jpg,,,,
40.jpg,,,,
41.jpg,,,,
42.jpg,,,,
43.jpg,,,,
44.jpg,,,,
45.jpg,,,,
46.jpg,,,,
47.jpg,,,,
48.jpg,,,,
49.jpg,,,,
5.jpg,,,,
50.jpg,,,,
51.jpg,,,,
52.jpg,,,,
53.jpg,,,,
54.jpg,,,,
55.jpg,,,,
56.jpg,,,,
57.jpg,,,,
58.jpg,,,,
59.jpg,,,,
6.jpg,,,,
60.jpg,,,,
61.jpg,,,,
62.jpg,,,,
63.jpg,,,,
64.jpg,,,,
65.jpg,,,,
66.jpg,,,,
67.jpg,,,,
68.jpg,,,,
69.jpg,,,,
7.jpg,,,,
70.jpg,,,,
71.jpg,,,,
72.jpg,,,,
73.jpg,,,,
74.jpg,,,,
75.jpg,,,,
76.jpg,,,,
77.jpg,,,,
78.jpg,,,,
79.jpg,,,,
8.jpg,,,,
80.jpg,,,,
81.jpg,,,,
82.jpg,,,,
83.jpg,,,,
84.jpg,,,,
85-1.jpg,,,,
85.jpg,,,,
86.jpg,,,,
87.jpg,,,,
88.jpg,,,,
89.jpg,,,,
9.jpg,,,,
90.jpg,,,,
91.jpg,,,,
92.jpg,,,,
93.jpg,,,,
94.jpg,,,,
95.jpg,,,,
96.jpg,,,,
97.jpg,,,,
98.jpg,,,,
99.jpg,,,,
1.jpg,10,10,10,Услуги
10.jpg,3,1,5,Еда
100.jpg,3,2,4,Магазины
11.jpg,5,10,3,Услуги
12.jpg,,,,
13.jpg,,,,
14.jpg,,,,
15.jpg,,,,
16.jpg,,,,
17.jpg,,,,
18.jpg,,,,
19.jpg,,,,
2.jpg,,,,
20.jpg,,,,
21.jpg,,,,
22.jpg,,,,
23.jpg,,,,
24.jpg,,,,
25.jpg,,,,
26.jpg,,,,
27.jpg,,,,
28.jpg,,,,
29.jpg,,,,
3.jpg,,,,
30.jpg,,,,
31.jpg,,,,
32.jpg,,,,
33.jpg,,,,
34.jpg,,,,
35.jpg,,,,
36.jpg,,,,
37.jpg,,,,
38.jpg,,,,
39.jpg,,,,
4.jpg,,,,
40.jpg,,,,
41.jpg,,,,
42.jpg,,,,
43.jpg,,,,
44.jpg,,,,
45.jpg,,,,
46.jpg,,,,
47.jpg,,,,
48.jpg,,,,
49.jpg,,,,
5.jpg,,,,
50.jpg,,,,
51.jpg,,,,
52.jpg,,,,
53.jpg,,,,
54.jpg,,,,
55.jpg,,,,
56.jpg,,,,
57.jpg,,,,
58.jpg,,,,
59.jpg,,,,
6.jpg,,,,
60.jpg,,,,
61.jpg,,,,
62.jpg,,,,
63.jpg,,,,
64.jpg,,,,
65.jpg,,,,
66.jpg,,,,
67.jpg,,,,
68.jpg,,,,
69.jpg,,,,
7.jpg,,,,
70.jpg,,,,
71.jpg,,,,
72.jpg,,,,
73.jpg,,,,
74.jpg,,,,
75.jpg,,,,
76.jpg,,,,
77.jpg,,,,
78.jpg,,,,
79.jpg,,,,
8.jpg,,,,
80.jpg,,,,
81.jpg,,,,
82.jpg,,,,
83.jpg,,,,
84.jpg,,,,
85-1.jpg,,,,
85.jpg,,,,
86.jpg,,,,
87.jpg,,,,
88.jpg,,,,
89.jpg,,,,
9.jpg,,,,
90.jpg,,,,
91.jpg,,,,
92.jpg,,,,
93.jpg,,,,
94.jpg,,,,
95.jpg,,,,
96.jpg,,,,
97.jpg,,,,
98.jpg,,,,
99.jpg,,,,
1.jpg,10,1,10,Услуги
10.jpg,5,2,6,Еда
100.jpg,,,,
11.jpg,,,,
12.jpg,,,,
13.jpg,,,,
14.jpg,,,,
15.jpg,,,,
16.jpg,,,,
17.jpg,,,,
18.jpg,,,,
19.jpg,,,,
2.jpg,,,,
20.jpg,,,,
21.jpg,,,,
22.jpg,,,,
23.jpg,,,,
24.jpg,,,,
25.jpg,,,,
26.jpg,,,,
27.jpg,,,,
28.jpg,,,,
29.jpg,,,,
3.jpg,,,,
30.jpg,,,,
31.jpg,,,,
32.jpg,,,,
33.jpg,,,,
34.jpg,,,,
35.jpg,,,,
36.jpg,,,,
37.jpg,,,,
38.jpg,,,,
39.jpg,,,,
4.jpg,,,,
40.jpg,,,,
41.jpg,,,,
42.jpg,,,,
43.jpg,,,,
44.jpg,,,,
45.jpg,,,,
46.jpg,,,,
47.jpg,,,,
48.jpg,,,,
49.jpg,,,,
5.jpg,,,,
50.jpg,,,,
51.jpg,,,,
52.jpg,,,,
53.jpg,,,,
54.jpg,,,,
55.jpg,,,,
56.jpg,,,,
57.jpg,,,,
58.jpg,,,,
59.jpg,,,,
6.jpg,,,,
60.jpg,,,,
61.jpg,,,,
62.jpg,,,,
63.jpg,,,,
64.jpg,,,,
65.jpg,,,,
66.jpg,,,,
67.jpg,,,,
68.jpg,,,,
69.jpg,,,,
7.jpg,,,,
70.jpg,,,,
71.jpg,,,,
72.jpg,,,,
73.jpg,,,,
74.jpg,,,,
75.jpg,,,,
76.jpg,,,,
77.jpg,,,,
78.jpg,,,,
79.jpg,,,,
8.jpg,,,,
80.jpg,,,,
81.jpg,,,,
82.jpg,,,,
83.jpg,,,,
84.jpg,,,,
85-1.jpg,,,,
85.jpg,,,,
86.jpg,,,,
87.jpg,,,,
88.jpg,,,,
89.jpg,,,,
9.jpg,,,,
90.jpg,,,,
91.jpg,,,,
92.jpg,,,,
93.jpg,,,,
94.jpg,,,,
95.jpg,,,,
96.jpg,,,,
97.jpg,,,,
98.jpg,,,,
99.jpg,,,,
1.jpg,2,10,5,Услуги
10.jpg,1,9,6,Еда
100.jpg,3,8,3,Магазины
11.jpg,5,9,3,Еда
12.jpg,8,1,4,Услуги
13.jpg,7,1,7,Магазины
14.jpg,8,1,5,Магазины
15.jpg,8,1,8,Магазины
16.jpg,4,4,4,Магазины
17.jpg,9,1,9,Еда
18.jpg,6,2,8,Еда
19.jpg,4,4,3,Услуги
2.jpg,7,4,6,Магазины
20.jpg,9,1,8,Магазины
21.jpg,8,1,8,Магазины
22.jpg,6,3,7,Услуги
23.jpg,3,2,4,Услуги
24.jpg,8,3,3,Магазины
25.jpg,8,2,8,Магазины
26.jpg,,,,
27.jpg,,,,
28.jpg,,,,
29.jpg,,,,
3.jpg,,,,
30.jpg,,,,
31.jpg,,,,
32.jpg,,,,
33.jpg,,,,
34.jpg,,,,
35.jpg,,,,
36.jpg,,,,
37.jpg,,,,
38.jpg,,,,
39.jpg,,,,
4.jpg,,,,
40.jpg,,,,
41.jpg,,,,
42.jpg,,,,
43.jpg,,,,
44.jpg,,,,
45.jpg,,,,
46.jpg,,,,
47.jpg,,,,
48.jpg,,,,
49.jpg,,,,
5.jpg,,,,
50.jpg,,,,
51.jpg,,,,
52.jpg,,,,
53.jpg,,,,
54.jpg,,,,
55.jpg,,,,
56.jpg,,,,
57.jpg,,,,
58.jpg,,,,
59.jpg,,,,
6.jpg,,,,
60.jpg,,,,
61.jpg,,,,
62.jpg,,,,
63.jpg,,,,
64.jpg,,,,
65.jpg,,,,
66.jpg,,,,
67.jpg,,,,
68.jpg,,,,
69.jpg,,,,
7.jpg,,,,
70.jpg,,,,
71.jpg,,,,
72.jpg,,,,
73.jpg,,,,
74.jpg,,,,
75.jpg,,,,
76.jpg,,,,
77.jpg,,,,
78.jpg,,,,
79.jpg,,,,
8.jpg,,,,
80.jpg,,,,
81.jpg,,,,
82.jpg,,,,
83.jpg,,,,
84.jpg,,,,
85-1.jpg,,,,
85.jpg,,,,
86.jpg,,,,
87.jpg,,,,
88.jpg,,,,
89.jpg,,,,
9.jpg,,,,
90.jpg,,,,
91.jpg,,,,
92.jpg,,,,
93.jpg,,,,
94.jpg,,,,
95.jpg,,,,
96.jpg,,,,
97.jpg,,,,
98.jpg,,,,
99.jpg,,,,
1.jpg,1,1,1,Услуги
10.jpg,1,3,1,Еда
100.jpg,1,3,2,Магазины
11.jpg,2,3,2,Услуги
12.jpg,4,5,5,Услуги
13.jpg,10,10,10,Магазины
14.jpg,8,7,8,Магазины
15.jpg,8,7,8,Услуги
16.jpg,3,3,2,Магазины
17.jpg,4,7,5,Еда
18.jpg,4,4,4,Еда
19.jpg,3,1,2,Услуги
2.jpg,4,7,5,Еда
20.jpg,3,5,4,Красота
21.jpg,3,4,4,Еда
22.jpg,4,4,7,Красота
23.jpg,4,5,8,Услуги
24.jpg,10,10,10,Магазины
25.jpg,4,9,5,Магазины
26.jpg,5,9,8,Еда
27.jpg,5,5,4,Красота
28.jpg,4,8,5,Еда
29.jpg,5,5,4,Еда
3.jpg,,,,
30.jpg,,,,
31.jpg,,,,
32.jpg,,,,
33.jpg,,,,
34.jpg,,,,
35.jpg,,,,
36.jpg,,,,
37.jpg,,,,
38.jpg,,,,
39.jpg,,,,
4.jpg,,,,
40.jpg,,,,
41.jpg,,,,
42.jpg,,,,
43.jpg,,,,
44.jpg,,,,
45.jpg,,,,
46.jpg,,,,
47.jpg,,,,
48.jpg,,,,
49.jpg,,,,
5.jpg,,,,
50.jpg,,,,
51.jpg,,,,
52.jpg,,,,
53.jpg,,,,
54.jpg,,,,
55.jpg,,,,
56.jpg,,,,
57.jpg,,,,
58.jpg,,,,
59.jpg,,,,
6.jpg,,,,
60.jpg,,,,
61.jpg,,,,
62.jpg,,,,
63.jpg,,,,
64.jpg,,,,
65.jpg,,,,
66.jpg,,,,
67.jpg,,,,
68.jpg,,,,
69.jpg,,,,
7.jpg,,,,
70.jpg,,,,
71.jpg,,,,
72.jpg,,,,
73.jpg,,,,
74.jpg,,,,
75.jpg,,,,
76.jpg,,,,
77.jpg,,,,
78.jpg,,,,
79.jpg,,,,
8.jpg,,,,
80.jpg,,,,
81.jpg,,,,
82.jpg,,,,
83.jpg,,,,
84.jpg,,,,
85-1.jpg,,,,
85.jpg,,,,
86.jpg,,,,
87.jpg,,,,
88.jpg,,,,
89.jpg,,,,
9.jpg,,,,
90.jpg,,,,
91.jpg,,,,
92.jpg,,,,
93.jpg,,,,
94.jpg,,,,
95.jpg,,,,
96.jpg,,,,
97.jpg,,,,
98.jpg,,,,
99.jpg,,,,
1.jpg,5,7,1,Услуги
10.jpg,,,,
100.jpg,,,,
11.jpg,,,,
12.jpg,,,,
13.jpg,,,,
14.jpg,,,,
15.jpg,,,,
16.jpg,,,,
17.jpg,,,,
18.jpg,,,,
19.jpg,,,,
2.jpg,,,,
20.jpg,,,,
21.jpg,,,,
22.jpg,,,,
23.jpg,,,,
24.jpg,,,,
25.jpg,,,,
26.jpg,,,,
27.jpg,,,,
28.jpg,,,,
29.jpg,,,,
3.jpg,,,,
30.jpg,,,,
31.jpg,,,,
32.jpg,,,,
33.jpg,,,,
34.jpg,,,,
35.jpg,,,,
36.jpg,,,,
37.jpg,,,,
38.jpg,,,,
39.jpg,,,,
4.jpg,,,,
40.jpg,,,,
41.jpg,,,,
42.jpg,,,,
43.jpg,,,,
44.jpg,,,,
45.jpg,,,,
46.jpg,,,,
47.jpg,,,,
48.jpg,,,,
49.jpg,,,,
5.jpg,,,,
50.jpg,,,,
51.jpg,,,,
52.jpg,,,,
53.jpg,,,,
54.jpg,,,,
55.jpg,,,,
56.jpg,,,,
57.jpg,,,,
58.jpg,,,,
59.jpg,,,,
6.jpg,,,,
60.jpg,,,,
61.jpg,,,,
62.jpg,,,,
63.jpg,,,,
64.jpg,,,,
65.jpg,,,,
66.jpg,,,,
67.jpg,,,,
68.jpg,,,,
69.jpg,,,,
7.jpg,,,,
70.jpg,,,,
71.jpg,,,,
72.jpg,,,,
73.jpg,,,,
74.jpg,,,,
75.jpg,,,,
76.jpg,,,,
77.jpg,,,,
78.jpg,,,,
79.jpg,,,,
8.jpg,,,,
80.jpg,,,,
81.jpg,,,,
82.jpg,,,,
83.jpg,,,,
84.jpg,,,,
85-1.jpg,,,,
85.jpg,,,,
86.jpg,,,,
87.jpg,,,,
88.jpg,,,,
89.jpg,,,,
9.jpg,,,,
90.jpg,,,,
91.jpg,,,,
92.jpg,,,,
93.jpg,,,,
94.jpg,,,,
95.jpg,,,,
96.jpg,,,,
97.jpg,,,,
98.jpg,,,,
99.jpg,,,,
1.jpg,10,10,10,Еда
10.jpg,10,10,10,Аптеки
100.jpg,10,10,10,Красота
11.jpg,10,10,10,Магазины
12.jpg,10,10,10,Услуги
13.jpg,1,1,1,Аптеки
14.jpg,1,1,1,Красота
15.jpg,1,1,1,Магазины
16.jpg,1,1,1,Магазины
17.jpg,1,1,1,Услуги
18.jpg,,,,
19.jpg,,,,
2.jpg,,,,
20.jpg,,,,
21.jpg,,,,
22.jpg,,,,
23.jpg,,,,
24.jpg,,,,
25.jpg,,,,
26.jpg,,,,
27.jpg,,,,
28.jpg,,,,
29.jpg,,,,
3.jpg,,,,
30.jpg,,,,
31.jpg,,,,
32.jpg,,,,
33.jpg,,,,
34.jpg,,,,
35.jpg,,,,
36.jpg,,,,
37.jpg,,,,
38.jpg,,,,
39.jpg,,,,
4.jpg,,,,
40.jpg,,,,
41.jpg,,,,
42.jpg,,,,
43.jpg,,,,
44.jpg,,,,
45.jpg,,,,
46.jpg,,,,
47.jpg,,,,
48.jpg,,,,
49.jpg,,,,
5.jpg,,,,
50.jpg,,,,
51.jpg,,,,
52.jpg,,,,
53.jpg,,,,
54.jpg,,,,
55.jpg,,,,
56.jpg,,,,
57.jpg,,,,
58.jpg,,,,
59.jpg,,,,
6.jpg,,,,
60.jpg,,,,
61.jpg,,,,
62.jpg,,,,
63.jpg,,,,
64.jpg,,,,
65.jpg,,,,
66.jpg,,,,
67.jpg,,,,
68.jpg,,,,
69.jpg,,,,
7.jpg,,,,
70.jpg,,,,
71.jpg,,,,
72.jpg,,,,
73.jpg,,,,
74.jpg,,,,
75.jpg,,,,
76.jpg,,,,
77.jpg,,,,
78.jpg,,,,
79.jpg,,,,
8.jpg,,,,
80.jpg,,,,
81.jpg,,,,
82.jpg,,,,
83.jpg,,,,
84.jpg,,,,
85-1.jpg,,,,
85.jpg,,,,
86.jpg,,,,
87.jpg,,,,
88.jpg,,,,
89.jpg,,,,
9.jpg,,,,
90.jpg,,,,
91.jpg,,,,
92.jpg,,,,
93.jpg,,,,
94.jpg,,,,
95.jpg,,,,
96.jpg,,,,
97.jpg,,,,
98.jpg,,,,
99.jpg,,,,
1.jpg,4,2,7,Услуги
10.jpg,,,,
100.jpg,,,,
11.jpg,,,,
12.jpg,,,,
13.jpg,,,,
14.jpg,,,,
15.jpg,,,,
16.jpg,,,,
17.jpg,,,,
18.jpg,,,,
19.jpg,,,,
2.jpg,,,,
20.jpg,,,,
21.jpg,,,,
22.jpg,,,,
23.jpg,,,,
24.jpg,,,,
25.jpg,,,,
26.jpg,,,,
27.jpg,,,,
28.jpg,,,,
29.jpg,,,,
3.jpg,,,,
30.jpg,,,,
31.jpg,,,,
32.jpg,,,,
33.jpg,,,,
34.jpg,,,,
35.jpg,,,,
36.jpg,,,,
37.jpg,,,,
38.jpg,,,,
39.jpg,,,,
4.jpg,,,,
40.jpg,,,,
41.jpg,,,,
42.jpg,,,,
43.jpg,,,,
44.jpg,,,,
45.jpg,,,,
46.jpg,,,,
47.jpg,,,,
48.jpg,,,,
49.jpg,,,,
5.jpg,,,,
50.jpg,,,,
51.jpg,,,,
52.jpg,,,,
53.jpg,,,,
54.jpg,,,,
55.jpg,,,,
56.jpg,,,,
57.jpg,,,,
58.jpg,,,,
59.jpg,,,,
6.jpg,,,,
60.jpg,,,,
61.jpg,,,,
62.jpg,,,,
63.jpg,,,,
64.jpg,,,,
65.jpg,,,,
66.jpg,,,,
67.jpg,,,,
68.jpg,,,,
69.jpg,,,,
7.jpg,,,,
70.jpg,,,,
71.jpg,,,,
72.jpg,,,,
73.jpg,,,,
74.jpg,,,,
75.jpg,,,,
76.jpg,,,,
77.jpg,,,,
78.jpg,,,,
79.jpg,,,,
8.jpg,,,,
80.jpg,,,,
81.jpg,,,,
82.jpg,,,,
83.jpg,,,,
84.jpg,,,,
85-1.jpg,,,,
85.jpg,,,,
86.jpg,,,,
87.jpg,,,,
88.jpg,,,,
89.jpg,,,,
9.jpg,,,,
90.jpg,,,,
91.jpg,,,,
92.jpg,,,,
93.jpg,,,,
94.jpg,,,,
95.jpg,,,,
96.jpg,,,,
97.jpg,,,,
98.jpg,,,,
99.jpg,,,,
1.jpg,1,5,1,Услуги
10.jpg,1,10,10,Еда
100.jpg,8,2,10,Магазины
11.jpg,1,1,10,Услуги
12.jpg,10,1,10,Услуги
13.jpg,,,,
14.jpg,,,,
15.jpg,,,,
16.jpg,,,,
17.jpg,,,,
18.jpg,,,,
19.jpg,,,,
2.jpg,,,,
20.jpg,,,,
21.jpg,,,,
22.jpg,,,,
23.jpg,,,,
24.jpg,,,,
25.jpg,,,,
26.jpg,,,,
27.jpg,,,,
28.jpg,,,,
29.jpg,,,,
3.jpg,,,,
30.jpg,,,,
31.jpg,,,,
32.jpg,,,,
33.jpg,,,,
34.jpg,,,,
35.jpg,,,,
36.jpg,,,,
37.jpg,,,,
38.jpg,,,,
39.jpg,,,,
4.jpg,,,,
40.jpg,,,,
41.jpg,,,,
42.jpg,,,,
43.jpg,,,,
44.jpg,,,,
45.jpg,,,,
46.jpg,,,,
47.jpg,,,,
48.jpg,,,,
49.jpg,,,,
5.jpg,,,,
50.jpg,,,,
51.jpg,,,,
52.jpg,,,,
53.jpg,,,,
54.jpg,,,,
55.jpg,,,,
56.jpg,,,,
57.jpg,,,,
58.jpg,,,,
59.jpg,,,,
6.jpg,,,,
60.jpg,,,,
61.jpg,,,,
62.jpg,,,,
63.jpg,,,,
64.jpg,,,,
65.jpg,,,,
66.jpg,,,,
67.jpg,,,,
68.jpg,,,,
69.jpg,,,,
7.jpg,,,,
70.jpg,,,,
71.jpg,,,,
72.jpg,,,,
73.jpg,,,,
74.jpg,,,,
75.jpg,,,,
76.jpg,,,,
77.jpg,,,,
78.jpg,,,,
79.jpg,,,,
8.jpg,,,,
80.jpg,,,,
81.jpg,,,,
82.jpg,,,,
83.jpg,,,,
84.jpg,,,,
85-1.jpg,,,,
85.jpg,,,,
86.jpg,,,,
87.jpg,,,,
88.jpg,,,,
89.jpg,,,,
9.jpg,,,,
90.jpg,,,,
91.jpg,,,,
92.jpg,,,,
93.jpg,,,,
94.jpg,,,,
95.jpg,,,,
96.jpg,,,,
97.jpg,,,,
98.jpg,,,,
99.jpg,,,,
1.jpg,,,,
10.jpg,,,,
100.jpg,,,,
11.jpg,,,,
12.jpg,,,,
13.jpg,,,,
14.jpg,,,,
15.jpg,,,,
16.jpg,,,,
17.jpg,,,,
18.jpg,,,,
19.jpg,,,,
2.jpg,,,,
20.jpg,,,,
21.jpg,,,,
22.jpg,,,,
23.jpg,,,,
24.jpg,,,,
25.jpg,,,,
26.jpg,,,,
27.jpg,,,,
28.jpg,,,,
29.jpg,,,,
3.jpg,,,,
30.jpg,,,,
31.jpg,,,,
32.jpg,,,,
33.jpg,,,,
34.jpg,,,,
35.jpg,,,,
36.jpg,,,,
37.jpg,,,,
38.jpg,,,,
39.jpg,,,,
4.jpg,,,,
40.jpg,,,,
41.jpg,,,,
42.jpg,,,,
43.jpg,,,,
44.jpg,,,,
45.jpg,,,,
46.jpg,,,,
47.jpg,,,,
48.jpg,,,,
49.jpg,,,,
5.jpg,,,,
50.jpg,,,,
51.jpg,,,,
52.jpg,,,,
53.jpg,,,,
54.jpg,,,,
55.jpg,,,,
56.jpg,,,,
57.jpg,,,,
58.jpg,,,,
59.jpg,,,,
6.jpg,,,,
60.jpg,,,,
61.jpg,,,,
62.jpg,,,,
63.jpg,,,,
64.jpg,,,,
65.jpg,,,,
66.jpg,,,,
67.jpg,,,,
68.jpg,,,,
69.jpg,,,,
7.jpg,,,,
70.jpg,,,,
71.jpg,,,,
72.jpg,,,,
73.jpg,,,,
74.jpg,,,,
75.jpg,,,,
76.jpg,,,,
77.jpg,,,,
78.jpg,,,,
79.jpg,,,,
8.jpg,,,,
80.jpg,,,,
81.jpg,,,,
82.jpg,,,,
83.jpg,,,,
84.jpg,,,,
85-1.jpg,,,,
85.jpg,,,,
86.jpg,,,,
87.jpg,,,,
88.jpg,,,,
89.jpg,,,,
9.jpg,,,,
90.jpg,,,,
91.jpg,,,,
92.jpg,,,,
93.jpg,,,,
94.jpg,,,,
95.jpg,,,,
96.jpg,,,,
97.jpg,,,,
98.jpg,,,,
99.jpg,,,,
